[{"/Users/xuhaitao/Desktop/caoliu.py": "UTF-8"}, {"/Users/xuhaitao/Downloads/export/Logs/orderriskcontrol.jd.local/orderriskcontrol_8001.Log_2017-07-25-08": "UTF-8"}, {"/Users/xuhaitao/Desktop/dbquery.py": "UTF-8"}, {"/Users/xuhaitao/Downloads/us02-56.ssv7.net.conf": "ASCII"}, {"/Users/xuhaitao/Downloads/ShadowsocksGroup_26612.conf": "ASCII"}, {"/Users/xuhaitao/Downloads/example-gui-config.json": "ASCII"}, {"/Users/xuhaitao/Downloads/gui-config.json": "ASCII"}, {"/Users/xuhaitao/lhydev/all_env/apache-maven-3.3.9/m2/settings.xml": "ASCII"}, {"/Users/xuhaitao/Library/Application Support/Sublime Text 3/Packages/GoSublime/CHANGELOG.md": "ASCII"}, {"/Users/xuhaitao/WeX5/\u542f\u52a8WeX5\u5f00\u53d1\u5de5\u5177": "UTF-8"}, {"/Users/xuhaitao/lhydev/all_env/apache-maven-3.3.9/conf/settings.xml": "ASCII"}, {"/Users/xuhaitao/Library/Application Support/Sublime Text 3/Packages/GoSublime/USAGE.md": "ASCII"}, {"/Users/xuhaitao/lhydev/ideaspace/halftime/halftime.iml": "ASCII"}, {"/Users/xuhaitao/java\u6e90\u7801/openjdk6/jdk/LICENSE": "ASCII"}, {"/Users/xuhaitao/java\u6e90\u7801/openjdk6/jdk/ASSEMBLY_EXCEPTION": "ASCII"}, {"/Users/xuhaitao/Downloads/redisroute.conf": "ASCII"}, {"/Users/xuhaitao/Downloads/nginx/nginx.conf": "ASCII"}, {"/Users/xuhaitao/Downloads/content.php": "ASCII"}, {"/Users/xuhaitao/Downloads/nginx.conf": "ASCII"}, {"/Users/xuhaitao/\u4e0a\u7f51/blog/header.php": "ASCII"}, {"/Users/xuhaitao/\u4e0a\u7f51/blog/footer.php": "ASCII"}, {"/Users/xuhaitao/godev/src/mygo/sqrt.go": "ASCII"}, {"/Users/xuhaitao/godev/src/mygo/main.go": "ASCII"}, {"/Users/xuhaitao/lhydev/vagrant/Vagrantfile": "ASCII"}, {"/Users/xuhaitao/lhydev/ideaspace/jd-ofc-ordersplit-parent/jd-ofc-domain/pom.xml": "ASCII"}, {"/Users/xuhaitao/Downloads/settings.xml": "ASCII"}, {"/Users/xuhaitao/Desktop/grunt-in-action/grunt-by-yo/.bowerrc": "ASCII"}, {"/Users/xuhaitao/Desktop/grunt-in-action/grunt-by-yo/app/robots.txt": "ASCII"}, {"/Users/xuhaitao/Library/Application Support/Sublime Text 3/Packages/User/Preferences.sublime-settings": "ASCII"}]